<?xml version="1.0" encoding="UTF-8"?>

<mule xmlns:sfdc="http://www.mulesoft.org/schema/mule/sfdc" xmlns:tracking="http://www.mulesoft.org/schema/mule/ee/tracking" xmlns="http://www.mulesoft.org/schema/mule/core" xmlns:doc="http://www.mulesoft.org/schema/mule/documentation"
	xmlns:spring="http://www.springframework.org/schema/beans" 
	xmlns:xsi="http://www.w3.org/2001/XMLSchema-instance"
	xsi:schemaLocation="http://www.springframework.org/schema/beans http://www.springframework.org/schema/beans/spring-beans-current.xsd
http://www.mulesoft.org/schema/mule/core http://www.mulesoft.org/schema/mule/core/current/mule.xsd
http://www.mulesoft.org/schema/mule/sfdc http://www.mulesoft.org/schema/mule/sfdc/current/mule-sfdc.xsd
http://www.mulesoft.org/schema/mule/ee/tracking http://www.mulesoft.org/schema/mule/ee/tracking/current/mule-tracking-ee.xsd">
    <sub-flow name="Contact_getAll">
        <set-variable variableName="email" value="#[message.inboundProperties.'http.query.params'.email]" doc:name="set email Variable"/>
        <choice doc:name="Choice">
            <when expression="#[flowVars.email==empty]">
                <sfdc:query config-ref="Salesforce__Basic_Authentication" query="dsql:SELECT Active_Resource__c,CreatedDate,Email,FirstName,Id,LastName,Name,Reports_To_formula__c FROM Contact" doc:name="Salesforce"/>
            </when>
            <otherwise>
                <sfdc:query config-ref="Salesforce__Basic_Authentication" query="dsql:SELECT Active_Resource__c,CreatedDate,Email,FirstName,Id,LastName,Name,Reports_To_formula__c FROM Contact WHERE Email='#[flowVars.email]'" doc:name="Salesforce"/>
            </otherwise>
        </choice>
        <logger message="#[payload]" level="INFO" doc:name="Logger"/>
    </sub-flow>
</mule>
