<?xml version="1.0" encoding="UTF-8"?>
<mule xmlns:doc="http://www.mulesoft.org/schema/mule/documentation" xmlns="http://www.mulesoft.org/schema/mule/core" xmlns:apikit="http://www.mulesoft.org/schema/mule/apikit" xmlns:http="http://www.mulesoft.org/schema/mule/http" xmlns:spring="http://www.springframework.org/schema/beans" xmlns:xsi="http://www.w3.org/2001/XMLSchema-instance" xsi:schemaLocation="http://www.mulesoft.org/schema/mule/core http://www.mulesoft.org/schema/mule/core/current/mule.xsd
http://www.mulesoft.org/schema/mule/http http://www.mulesoft.org/schema/mule/http/current/mule-http.xsd
http://www.mulesoft.org/schema/mule/apikit http://www.mulesoft.org/schema/mule/apikit/current/mule-apikit.xsd
http://www.springframework.org/schema/beans http://www.springframework.org/schema/beans/spring-beans-3.1.xsd">
    <http:listener-config name="usercontact-system-api-httpListenerConfig" host="0.0.0.0" port="8081" doc:name="HTTP Listener Configuration"/>
    <apikit:config name="usercontact-system-api-config" raml="usercontact-system-api.raml" consoleEnabled="false" doc:name="Router"/>

    <flow name="usercontact-system-api-main">
        <http:listener config-ref="usercontact-system-api-httpListenerConfig" path="/api/*" doc:name="HTTP"/>
        <apikit:router config-ref="usercontact-system-api-config" doc:name="APIkit Router"/>
        <exception-strategy ref="usercontact-system-api-apiKitGlobalExceptionMapping" doc:name="Reference Exception Strategy"/>
    </flow>
    <flow name="usercontact-system-api-console">
        <http:listener config-ref="usercontact-system-api-httpListenerConfig" path="/console/*" doc:name="HTTP"/>
        <apikit:console config-ref="usercontact-system-api-config" doc:name="APIkit Console"/>
    </flow>
    <flow name="patch:/account/{accountId}:usercontact-system-api-config">
        <set-property propertyName="Content-Type" value="application/json" doc:name="Property"/>
        <set-payload value="{&#xA;&quot;message&quot; : &quot;Account updated&quot;&#xA;}" doc:name="Set Payload"/>
    </flow>
    <flow name="patch:/contact/{contactId}:usercontact-system-api-config">
        <set-property propertyName="Content-Type" value="application/json" doc:name="Property"/>
        <set-payload value="{&#xA;&quot;message&quot; : &quot;Contact updated&quot;&#xA;}" doc:name="Set Payload"/>
        <flow-ref name="contact_Id_Patch" doc:name="Flow Reference"/>
    </flow>
    <flow name="patch:/account/{accountId}/contact/{contactId}:usercontact-system-api-config">
        <set-property propertyName="Content-Type" value="application/json" doc:name="Property"/>
        <set-payload value="{&#xA;&quot;message&quot; : &quot;Contact updated&quot;&#xA;}" doc:name="Set Payload"/>
    </flow>
    <flow name="patch:/user/{userId}/contact/{contactId}:usercontact-system-api-config">
        <set-property propertyName="Content-Type" value="application/json" doc:name="Property"/>
        <set-payload value="{&#xA;&quot;message&quot; : &quot;Contact updated&quot;&#xA;}" doc:name="Set Payload"/>
    </flow>
    <flow name="patch:/user/{userId}:usercontact-system-api-config">
        <set-property propertyName="Content-Type" value="application/json" doc:name="Property"/>
        <set-payload value="{&#xA;&quot;message&quot; : &quot;User updated&quot;&#xA;}" doc:name="Set Payload"/>
    </flow>
    <flow name="get:/account:usercontact-system-api-config">
        <set-payload value="[&#xA;{&#xA;&quot;ID&quot; : &quot;AC-0001&quot;,&#xA;&quot;name&quot; : &quot;Avanxo&quot;&#xA;},&#xA;{&#xA;&quot;ID&quot; : &quot;AC-0002&quot;,&#xA;&quot;name&quot; : &quot;Acumen Solutions&quot;&#xA;},&#xA;{&#xA;&quot;ID&quot; : &quot;AC-0003&quot;,&#xA;&quot;name&quot; : &quot;Acme&quot;&#xA;}&#xA;]" doc:name="Set Payload"/>
    </flow>
    <flow name="get:/account/{accountId}/contact:usercontact-system-api-config">
        <set-payload value="[&#xA;{&#xA;&quot;ID&quot; : &quot;CO-001&quot;,&#xA;&quot;creationDate&quot; : &quot;2018-01-01&quot;,&#xA;&quot;firstName&quot; : &quot;Jorge&quot;,&#xA;&quot;middleName&quot; : &quot;Luis&quot;,&#xA;&quot;lastName&quot; : &quot;Ramos&quot;,&#xA;&quot;email&quot; : &quot;jramos@avanxo.com&quot;,&#xA;&quot;reportsTo&quot; : &quot;US-001&quot;,&#xA;&quot;isActive&quot; : true,&#xA;&quot;userId&quot; : &quot;US-100&quot;&#xA;},&#xA;{&#xA;&quot;ID&quot; : &quot;CO-002&quot;,&#xA;&quot;creationDate&quot; : &quot;2018-01-01&quot;,&#xA;&quot;firstName&quot; : &quot;Rodrigo&quot;,&#xA;&quot;middleName&quot; : &quot;Fernando&quot;,&#xA;&quot;lastName&quot; : &quot;Resendiz&quot;,&#xA;&quot;email&quot; : &quot;jresendiz@avanxo.com&quot;,&#xA;&quot;reportsTo&quot; : &quot;US-002&quot;,&#xA;&quot;isActive&quot; : true,&#xA;&quot;userId&quot; : &quot;US-200&quot;&#xA;},&#xA;{&#xA;&quot;ID&quot; : &quot;CO-003&quot;,&#xA;&quot;creationDate&quot; : &quot;2018-01-01&quot;,&#xA;&quot;firstName&quot; : &quot;Pablo&quot;,&#xA;&quot;middleName&quot; : &quot;Andres&quot;,&#xA;&quot;lastName&quot; : &quot;Bogota&quot;,&#xA;&quot;email&quot; : &quot;pbogota@avanxo.com&quot;,&#xA;&quot;reportsTo&quot; : &quot;US-003&quot;,&#xA;&quot;isActive&quot; : true,&#xA;&quot;userId&quot; : &quot;US-001&quot;&#xA;},&#xA;{&#xA;&quot;ID&quot; : &quot;CO-004&quot;,&#xA;&quot;creationDate&quot; : &quot;2018-01-01&quot;,&#xA;&quot;firstName&quot; : &quot;Harold&quot;,&#xA;&quot;middleName&quot; : &quot;Didier&quot;,&#xA;&quot;lastName&quot; : &quot;Tamayo&quot;,&#xA;&quot;email&quot; : &quot;htamayo@avanxo.com&quot;,&#xA;&quot;reportsTo&quot; : &quot;US-003&quot;,&#xA;&quot;isActive&quot; : true,&#xA;&quot;userId&quot; : &quot;US-002&quot;&#xA;}&#xA;]" doc:name="Set Payload"/>
    </flow>
    <flow name="get:/user/{userId}/contact:usercontact-system-api-config">
        <set-payload value="[&#xA;{&#xA;&quot;ID&quot; : &quot;CO-001&quot;,&#xA;&quot;creationDate&quot; : &quot;2018-01-01&quot;,&#xA;&quot;firstName&quot; : &quot;Jorge&quot;,&#xA;&quot;middleName&quot; : &quot;Luis&quot;,&#xA;&quot;lastName&quot; : &quot;Ramos&quot;,&#xA;&quot;email&quot; : &quot;jramos@avanxo.com&quot;,&#xA;&quot;reportsTo&quot; : &quot;US-001&quot;,&#xA;&quot;isActive&quot; : true,&#xA;&quot;userId&quot; : &quot;US-100&quot;&#xA;},&#xA;{&#xA;&quot;ID&quot; : &quot;CO-002&quot;,&#xA;&quot;creationDate&quot; : &quot;2018-01-01&quot;,&#xA;&quot;firstName&quot; : &quot;Rodrigo&quot;,&#xA;&quot;middleName&quot; : &quot;Fernando&quot;,&#xA;&quot;lastName&quot; : &quot;Resendiz&quot;,&#xA;&quot;email&quot; : &quot;jresendiz@avanxo.com&quot;,&#xA;&quot;reportsTo&quot; : &quot;US-002&quot;,&#xA;&quot;isActive&quot; : true,&#xA;&quot;userId&quot; : &quot;US-200&quot;&#xA;},&#xA;{&#xA;&quot;ID&quot; : &quot;CO-003&quot;,&#xA;&quot;creationDate&quot; : &quot;2018-01-01&quot;,&#xA;&quot;firstName&quot; : &quot;Pablo&quot;,&#xA;&quot;middleName&quot; : &quot;Andres&quot;,&#xA;&quot;lastName&quot; : &quot;Bogota&quot;,&#xA;&quot;email&quot; : &quot;pbogota@avanxo.com&quot;,&#xA;&quot;reportsTo&quot; : &quot;US-003&quot;,&#xA;&quot;isActive&quot; : true,&#xA;&quot;userId&quot; : &quot;US-001&quot;&#xA;},&#xA;{&#xA;&quot;ID&quot; : &quot;CO-004&quot;,&#xA;&quot;creationDate&quot; : &quot;2018-01-01&quot;,&#xA;&quot;firstName&quot; : &quot;Harold&quot;,&#xA;&quot;middleName&quot; : &quot;Didier&quot;,&#xA;&quot;lastName&quot; : &quot;Tamayo&quot;,&#xA;&quot;email&quot; : &quot;htamayo@avanxo.com&quot;,&#xA;&quot;reportsTo&quot; : &quot;US-003&quot;,&#xA;&quot;isActive&quot; : true,&#xA;&quot;userId&quot; : &quot;US-002&quot;&#xA;}&#xA;]" doc:name="Set Payload"/>
    </flow>
    <flow name="get:/contact:usercontact-system-api-config">
        <set-payload value="[&#xA;{&#xA;&quot;ID&quot; : &quot;CO-001&quot;,&#xA;&quot;creationDate&quot; : &quot;2018-01-01&quot;,&#xA;&quot;firstName&quot; : &quot;Jorge&quot;,&#xA;&quot;middleName&quot; : &quot;Luis&quot;,&#xA;&quot;lastName&quot; : &quot;Ramos&quot;,&#xA;&quot;email&quot; : &quot;jramos@avanxo.com&quot;,&#xA;&quot;reportsTo&quot; : &quot;US-001&quot;,&#xA;&quot;isActive&quot; : true,&#xA;&quot;userId&quot; : &quot;US-100&quot;&#xA;},&#xA;{&#xA;&quot;ID&quot; : &quot;CO-002&quot;,&#xA;&quot;creationDate&quot; : &quot;2018-01-01&quot;,&#xA;&quot;firstName&quot; : &quot;Rodrigo&quot;,&#xA;&quot;middleName&quot; : &quot;Fernando&quot;,&#xA;&quot;lastName&quot; : &quot;Resendiz&quot;,&#xA;&quot;email&quot; : &quot;jresendiz@avanxo.com&quot;,&#xA;&quot;reportsTo&quot; : &quot;US-002&quot;,&#xA;&quot;isActive&quot; : true,&#xA;&quot;userId&quot; : &quot;US-200&quot;&#xA;},&#xA;{&#xA;&quot;ID&quot; : &quot;CO-003&quot;,&#xA;&quot;creationDate&quot; : &quot;2018-01-01&quot;,&#xA;&quot;firstName&quot; : &quot;Pablo&quot;,&#xA;&quot;middleName&quot; : &quot;Andres&quot;,&#xA;&quot;lastName&quot; : &quot;Bogota&quot;,&#xA;&quot;email&quot; : &quot;pbogota@avanxo.com&quot;,&#xA;&quot;reportsTo&quot; : &quot;US-003&quot;,&#xA;&quot;isActive&quot; : true,&#xA;&quot;userId&quot; : &quot;US-001&quot;&#xA;},&#xA;{&#xA;&quot;ID&quot; : &quot;CO-004&quot;,&#xA;&quot;creationDate&quot; : &quot;2018-01-01&quot;,&#xA;&quot;firstName&quot; : &quot;Harold&quot;,&#xA;&quot;middleName&quot; : &quot;Didier&quot;,&#xA;&quot;lastName&quot; : &quot;Tamayo&quot;,&#xA;&quot;email&quot; : &quot;htamayo@avanxo.com&quot;,&#xA;&quot;reportsTo&quot; : &quot;US-003&quot;,&#xA;&quot;isActive&quot; : true,&#xA;&quot;userId&quot; : &quot;US-002&quot;&#xA;}&#xA;]" doc:name="Set Payload"/>
        <flow-ref name="Contact_getAll" doc:name="Contact_getAll"/>
    </flow>
    <flow name="get:/user:usercontact-system-api-config">
        <set-payload value="[&#xA;{&#xA;&quot;ID&quot; : &quot;US-001&quot;,&#xA;&quot;creationDate&quot; : &quot;2018-01-01&quot;,&#xA;&quot;firstName&quot; : &quot;Pablo&quot;,&#xA;&quot;middleName&quot; : &quot;Andres&quot;,&#xA;&quot;lastName&quot; : &quot;Bogota&quot;,&#xA;&quot;email&quot; : &quot;pbogota@avanxo.com&quot;,&#xA;&quot;userName&quot; : &quot;pbogota@avanxo.com&quot;,&#xA;&quot;isActive&quot; : true&#xA;},&#xA;{&#xA;&quot;ID&quot; : &quot;US-002&quot;,&#xA;&quot;creationDate&quot; : &quot;2018-01-01&quot;,&#xA;&quot;firstName&quot; : &quot;Harold&quot;,&#xA;&quot;middleName&quot; : &quot;Didier&quot;,&#xA;&quot;lastName&quot; : &quot;Tamayo&quot;,&#xA;&quot;email&quot; : &quot;htamayo@avanxo.com&quot;,&#xA;&quot;userName&quot; : &quot;htamayo@avanxo.com&quot;,&#xA;&quot;isActive&quot; : true&#xA;},&#xA;{&#xA;&quot;ID&quot; : &quot;US-003&quot;,&#xA;&quot;creationDate&quot; : &quot;2018-01-01&quot;,&#xA;&quot;firstName&quot; : &quot;Tharren&quot;,&#xA;&quot;middleName&quot; : &quot;J&quot;,&#xA;&quot;lastName&quot; : &quot;Clark&quot;,&#xA;&quot;email&quot; : &quot;tclark@acumensolutions.com&quot;,&#xA;&quot;userName&quot; : &quot;tclark@acumensolutions.com&quot;,&#xA;&quot;isActive&quot; : true&#xA;},&#xA;{&#xA;&quot;ID&quot; : &quot;US-100&quot;,&#xA;&quot;creationDate&quot; : &quot;2018-01-01&quot;,&#xA;&quot;firstName&quot; : &quot;Jorge&quot;,&#xA;&quot;middleName&quot; : &quot;Luis&quot;,&#xA;&quot;lastName&quot; : &quot;Ramos&quot;,&#xA;&quot;email&quot; : &quot;jramos@avanxo.com&quot;,&#xA;&quot;userName&quot; : &quot;jramos@avanxo.com&quot;,&#xA;&quot;isActive&quot; : true&#xA;},&#xA;{&#xA;&quot;ID&quot; : &quot;US-200&quot;,&#xA;&quot;creationDate&quot; : &quot;2018-01-01&quot;,&#xA;&quot;firstName&quot; : &quot;Rodrigo&quot;,&#xA;&quot;middleName&quot; : &quot;Fernando&quot;,&#xA;&quot;lastName&quot; : &quot;Resendiz&quot;,&#xA;&quot;email&quot; : &quot;rresendiz@avanxo.com&quot;,&#xA;&quot;userName&quot; : &quot;rresendiz@avanxo.com&quot;,&#xA;&quot;isActive&quot; : true&#xA;}&#xA;]" doc:name="Set Payload"/>
    </flow>
    <flow name="get:/account/{accountId}:usercontact-system-api-config">
        <set-payload value="{&#xA;&quot;ID&quot; : &quot;AC-0001&quot;,&#xA;&quot;name&quot; : &quot;Avanxo&quot;&#xA;}" doc:name="Set Payload"/>
    </flow>
    <flow name="get:/user/{userId}/contact/{contactId}:usercontact-system-api-config">
        <set-payload value="{&#xA;&quot;ID&quot; : &quot;CO-001&quot;,&#xA;&quot;creationDate&quot; : &quot;2018-01-01&quot;,&#xA;&quot;firstName&quot; : &quot;Jorge&quot;,&#xA;&quot;middleName&quot; : &quot;Luis&quot;,&#xA;&quot;lastName&quot; : &quot;Ramos&quot;,&#xA;&quot;email&quot; : &quot;jramos@avanxo.com&quot;,&#xA;&quot;reportsTo&quot; : &quot;US-001&quot;,&#xA;&quot;isActive&quot; : true,&#xA;&quot;userId&quot; : &quot;US-100&quot;&#xA;}" doc:name="Set Payload"/>
    </flow>
    <flow name="get:/account/{accountId}/contact/{contactId}:usercontact-system-api-config">
        <set-payload value="{&#xA;&quot;ID&quot; : &quot;CO-001&quot;,&#xA;&quot;creationDate&quot; : &quot;2018-01-01&quot;,&#xA;&quot;firstName&quot; : &quot;Jorge&quot;,&#xA;&quot;middleName&quot; : &quot;Luis&quot;,&#xA;&quot;lastName&quot; : &quot;Ramos&quot;,&#xA;&quot;email&quot; : &quot;jramos@avanxo.com&quot;,&#xA;&quot;reportsTo&quot; : &quot;US-001&quot;,&#xA;&quot;isActive&quot; : true,&#xA;&quot;userId&quot; : &quot;US-100&quot;&#xA;}" doc:name="Set Payload"/>
    </flow>
    <flow name="get:/contact/{contactId}:usercontact-system-api-config">
        <set-payload value="{&#xA;&quot;ID&quot; : &quot;CO-001&quot;,&#xA;&quot;creationDate&quot; : &quot;2018-01-01&quot;,&#xA;&quot;firstName&quot; : &quot;Jorge&quot;,&#xA;&quot;middleName&quot; : &quot;Luis&quot;,&#xA;&quot;lastName&quot; : &quot;Ramos&quot;,&#xA;&quot;email&quot; : &quot;jramos@avanxo.com&quot;,&#xA;&quot;reportsTo&quot; : &quot;US-001&quot;,&#xA;&quot;isActive&quot; : true,&#xA;&quot;userId&quot; : &quot;US-100&quot;&#xA;}" doc:name="Set Payload"/>
        <flow-ref name="Contact_Id_get" doc:name="Contact_Id_get"/>
    </flow>
    <flow name="get:/user/{userId}:usercontact-system-api-config">
        <set-payload value="{&#xA;&quot;ID&quot; : &quot;US-001&quot;,&#xA;&quot;creationDate&quot; : &quot;2018-01-01&quot;,&#xA;&quot;firstName&quot; : &quot;Pablo&quot;,&#xA;&quot;middleName&quot; : &quot;Andres&quot;,&#xA;&quot;lastName&quot; : &quot;Bogota&quot;,&#xA;&quot;email&quot; : &quot;pbogota@avanxo.com&quot;,&#xA;&quot;userName&quot; : &quot;pbogota@avanxo.com&quot;,&#xA;&quot;isActive&quot; : true&#xA;}" doc:name="Set Payload"/>
    </flow>
    <flow name="post:/account:usercontact-system-api-config">
        <set-property propertyName="Content-Type" value="application/json" doc:name="Property"/>
        <set-payload value="{&#xA;&quot;message&quot; : &quot;Account added&quot;&#xA;}" doc:name="Set Payload"/>
    </flow>
    <flow name="post:/account/{accountId}/contact:usercontact-system-api-config">
        <set-property propertyName="Content-Type" value="application/json" doc:name="Property"/>
        <set-payload value="{&#xA;&quot;message&quot; : &quot;Contact added&quot;&#xA;}" doc:name="Set Payload"/>
    </flow>
    <flow name="post:/contact:usercontact-system-api-config">
        <set-property propertyName="Content-Type" value="application/json" doc:name="Property"/>
        <set-payload value="{&#xA;&quot;message&quot; : &quot;Contact added&quot;&#xA;}" doc:name="Set Payload"/>
    </flow>
    <flow name="post:/user/{userId}/contact:usercontact-system-api-config">
        <set-property propertyName="Content-Type" value="application/json" doc:name="Property"/>
        <set-payload value="{&#xA;&quot;message&quot; : &quot;Contact added&quot;&#xA;}" doc:name="Set Payload"/>
    </flow>
    <flow name="post:/user:usercontact-system-api-config">
        <set-property propertyName="Content-Type" value="application/json" doc:name="Property"/>
        <set-payload value="{&#xA;&quot;message&quot; : &quot;User added&quot;&#xA;}" doc:name="Set Payload"/>
    </flow>
    <apikit:mapping-exception-strategy name="usercontact-system-api-apiKitGlobalExceptionMapping">
        <apikit:mapping statusCode="404">
            <apikit:exception value="org.mule.module.apikit.exception.NotFoundException" />
            <set-property propertyName="Content-Type" value="application/json" doc:name="Property"/>
            <set-payload value="{ &quot;message&quot;: &quot;Resource not found&quot; }" doc:name="Set Payload"/>
        </apikit:mapping>
        <apikit:mapping statusCode="405">
            <apikit:exception value="org.mule.module.apikit.exception.MethodNotAllowedException" />
            <set-property propertyName="Content-Type" value="application/json" doc:name="Property"/>
            <set-payload value="{ &quot;message&quot;: &quot;Method not allowed&quot; }" doc:name="Set Payload"/>
        </apikit:mapping>
        <apikit:mapping statusCode="415">
            <apikit:exception value="org.mule.module.apikit.exception.UnsupportedMediaTypeException" />
            <set-property propertyName="Content-Type" value="application/json" doc:name="Property"/>
            <set-payload value="{ &quot;message&quot;: &quot;Unsupported media type&quot; }" doc:name="Set Payload"/>
        </apikit:mapping>
        <apikit:mapping statusCode="406">
            <apikit:exception value="org.mule.module.apikit.exception.NotAcceptableException" />
            <set-property propertyName="Content-Type" value="application/json" doc:name="Property"/>
            <set-payload value="{ &quot;message&quot;: &quot;Not acceptable&quot; }" doc:name="Set Payload"/>
        </apikit:mapping>
        <apikit:mapping statusCode="400">
            <apikit:exception value="org.mule.module.apikit.exception.BadRequestException" />
            <set-property propertyName="Content-Type" value="application/json" doc:name="Property"/>
            <set-payload value="{ &quot;message&quot;: &quot;Bad request&quot; }" doc:name="Set Payload"/>
        </apikit:mapping>
    </apikit:mapping-exception-strategy>
</mule>
